Order ID,Product,Quantity Ordered,Price Each,Order Date,Purchase Address
,,,,,
176585,Bose SoundSport Headphones,1,99.99,04/07/19 11:31,"823 Highland St, Boston, MA 02215"
176585,Bose SoundSport Headphones,1,99.99,04/07/19 11:31,"823 Highland St, Boston, MA 02215"
,,,,,
Order ID,Product,Quantity Ordered,Price Each,Order Date,Purchase Address
,,,,,
Order ID,Product,Quantity Ordered,Price Each,Order Date,Purchase Address
Order ID,Product,Quantity Ordered,Price Each,Order Date,Purchase Address
177795,Apple Airpods Headphones,1,150,04/27/19 19:45,"740 14th St, Seattle, WA 98101"
177795,Apple Airpods Headphones,1,150,04/27/19 19:45,"740 14th St, Seattle, WA 98101"
,,,,,
,,,,,
,,,,,
178158,USB-C Charging Cable,1,11.95,04/28/19 21:13,"197 Center St, San Francisco, CA 94016"
178158,USB-C Charging Cable,1,11.95,04/28/19 21:13,"197 Center St, San Francisco, CA 94016"
,,,,,
,,,,,
,,,,,
Order ID,Product,Quantity Ordered,Price Each,Order Date,Purchase Address
Order ID,Product,Quantity Ordered,Price Each,Order Date,Purchase Address
,,,,,
Order ID,Product,Quantity Ordered,Price Each,Order Date,Purchase Address
,,,,,
Order ID,Product,Quantity Ordered,Price Each,Order Date,Purchase Address
Order ID,Product,Quantity Ordered,Price Each,Order Date,Purchase Address
180207,Apple Airpods Headphones,1,150,04/13/19 01:46,"196 7th St, Los Angeles, CA 90001"
180207,Apple Airpods Headphones,1,150,04/13/19 01:46,"196 7th St, Los Angeles, CA 90001"
Order ID,Product,Quantity Ordered,Price Each,Order Date,Purchase Address
180576,Lightning Charging Cable,1,14.95,04/18/19 17:23,"431 Park St, Dallas, TX 75001"
180576,Lightning Charging Cable,1,14.95,04/18/19 17:23,"431 Park St, Dallas, TX 75001"
,,,,,
180746,AAA Batteries (4-pack),1,2.99,04/30/19 12:05,"398 West St, New York City, NY 10001"
180746,AAA Batteries (4-pack),1,2.99,04/30/19 12:05,"398 West St, New York City, NY 10001"
180817,Lightning Charging Cable,1,14.95,04/13/19 18:33,"563 13th St, Los Angeles, CA 90001"
180817,Lightning Charging Cable,1,14.95,04/13/19 18:33,"563 13th St, Los Angeles, CA 90001"
,,,,,
Order ID,Product,Quantity Ordered,Price Each,Order Date,Purchase Address
181084,Flatscreen TV,1,300,04/07/19 21:36,"1 Walnut St, Boston, MA 02215"
181084,Flatscreen TV,1,300,04/07/19 21:36,"1 Walnut St, Boston, MA 02215"
Order ID,Product,Quantity Ordered,Price Each,Order Date,Purchase Address
181246,Wired Headphones,1,11.99,04/09/19 13:58,"342 Hickory St, San Francisco, CA 94016"
181246,Wired Headphones,1,11.99,04/09/19 13:58,"342 Hickory St, San Francisco, CA 94016"
,,,,,
Order ID,Product,Quantity Ordered,Price Each,Order Date,Purchase Address
,,,,,
182077,AAA Batteries (4-pack),1,2.99,04/13/19 22:08,"730 4th St, New York City, NY 10001"
182077,AAA Batteries (4-pack),1,2.99,04/13/19 22:08,"730 4th St, New York City, NY 10001"
,,,,,
,,,,,
182523,Lightning Charging Cable,1,14.95,04/24/19 21:16,"990 River St, Boston, MA 02215"
182523,Lightning Charging Cable,1,14.95,04/24/19 21:16,"990 River St, Boston, MA 02215"
,,,,,
,,,,,
182904,Lightning Charging Cable,1,14.95,04/09/19 22:15,"410 Wilson St, Atlanta, GA 30301"
182904,Lightning Charging Cable,1,14.95,04/09/19 22:15,"410 Wilson St, Atlanta, GA 30301"
,,,,,
Order ID,Product,Quantity Ordered,Price Each,Order Date,Purchase Address
,,,,,
183587,AAA Batteries (4-pack),1,2.99,04/15/19 00:21,"384 Sunset St, Los Angeles, CA 90001"
183587,AAA Batteries (4-pack),1,2.99,04/15/19 00:21,"384 Sunset St, Los Angeles, CA 90001"
Order ID,Product,Quantity Ordered,Price Each,Order Date,Purchase Address
,,,,,
,,,,,
184717,USB-C Charging Cable,1,11.95,04/04/19 10:17,"439 Forest St, Atlanta, GA 30301"
184717,USB-C Charging Cable,1,11.95,04/04/19 10:17,"439 Forest St, Atlanta, GA 30301"
Order ID,Product,Quantity Ordered,Price Each,Order Date,Purchase Address
,,,,,
,,,,,
185193,Lightning Charging Cable,1,14.95,04/16/19 21:38,"714 13th St, San Francisco, CA 94016"
185193,Lightning Charging Cable,1,14.95,04/16/19 21:38,"714 13th St, San Francisco, CA 94016"
Order ID,Product,Quantity Ordered,Price Each,Order Date,Purchase Address
,,,,,
Order ID,Product,Quantity Ordered,Price Each,Order Date,Purchase Address
,,,,,
,,,,,
,,,,,
,,,,,
,,,,,
,,,,,
186008,Bose SoundSport Headphones,1,99.99,04/17/19 19:36,"432 Park St, New York City, NY 10001"
186008,Bose SoundSport Headphones,1,99.99,04/17/19 19:36,"432 Park St, New York City, NY 10001"
,,,,,
Order ID,Product,Quantity Ordered,Price Each,Order Date,Purchase Address
,,,,,
,,,,,
Order ID,Product,Quantity Ordered,Price Each,Order Date,Purchase Address
Order ID,Product,Quantity Ordered,Price Each,Order Date,Purchase Address
Order ID,Product,Quantity Ordered,Price Each,Order Date,Purchase Address
,,,,,
187379,USB-C Charging Cable,1,11.95,04/10/19 19:06,"504 10th St, Los Angeles, CA 90001"
187379,USB-C Charging Cable,1,11.95,04/10/19 19:06,"504 10th St, Los Angeles, CA 90001"
,,,,,
,,,,,
Order ID,Product,Quantity Ordered,Price Each,Order Date,Purchase Address
Order ID,Product,Quantity Ordered,Price Each,Order Date,Purchase Address
,,,,,
Order ID,Product,Quantity Ordered,Price Each,Order Date,Purchase Address
Order ID,Product,Quantity Ordered,Price Each,Order Date,Purchase Address
,,,,,
,,,,,
Order ID,Product,Quantity Ordered,Price Each,Order Date,Purchase Address
,,,,,
,,,,,
188827,USB-C Charging Cable,1,11.95,04/17/19 18:17,"900 Spruce St, New York City, NY 10001"
188827,USB-C Charging Cable,1,11.95,04/17/19 18:17,"900 Spruce St, New York City, NY 10001"
,,,,,
,,,,,
,,,,,
Order ID,Product,Quantity Ordered,Price Each,Order Date,Purchase Address
,,,,,
,,,,,
Order ID,Product,Quantity Ordered,Price Each,Order Date,Purchase Address
,,,,,
190099,AA Batteries (4-pack),1,3.84,04/18/19 08:07,"845 Sunset St, Los Angeles, CA 90001"
190099,AA Batteries (4-pack),1,3.84,04/18/19 08:07,"845 Sunset St, Los Angeles, CA 90001"
,,,,,
Order ID,Product,Quantity Ordered,Price Each,Order Date,Purchase Address
190553,Lightning Charging Cable,1,14.95,04/10/19 17:38,"548 Madison St, New York City, NY 10001"
190553,Lightning Charging Cable,1,14.95,04/10/19 17:38,"548 Madison St, New York City, NY 10001"
Order ID,Product,Quantity Ordered,Price Each,Order Date,Purchase Address
,,,,,
Order ID,Product,Quantity Ordered,Price Each,Order Date,Purchase Address
,,,,,
,,,,,
,,,,,
,,,,,
,,,,,
,,,,,
192939,34in Ultrawide Monitor,1,379.99,04/29/19 21:07,"519 Adams St, Seattle, WA 98101"
192939,34in Ultrawide Monitor,1,379.99,04/29/19 21:07,"519 Adams St, Seattle, WA 98101"
Order ID,Product,Quantity Ordered,Price Each,Order Date,Purchase Address
Order ID,Product,Quantity Ordered,Price Each,Order Date,Purchase Address
Order ID,Product,Quantity Ordered,Price Each,Order Date,Purchase Address
,,,,,
,,,,,
Order ID,Product,Quantity Ordered,Price Each,Order Date,Purchase Address
193916,20in Monitor,1,109.99,04/18/19 12:59,"653 Cherry St, Dallas, TX 75001"
193916,20in Monitor,1,109.99,04/18/19 12:59,"653 Cherry St, Dallas, TX 75001"
Order ID,Product,Quantity Ordered,Price Each,Order Date,Purchase Address
Order ID,Product,Quantity Ordered,Price Each,Order Date,Purchase Address
,,,,,
237276,Lightning Charging Cable,1,14.95,08/22/19 10:43,"446 2nd St, Boston, MA 02215"
237276,Lightning Charging Cable,1,14.95,08/22/19 10:43,"446 2nd St, Boston, MA 02215"
237560,USB-C Charging Cable,1,11.95,08/09/19 00:26,"397 Lincoln St, San Francisco, CA 94016"
237560,USB-C Charging Cable,1,11.95,08/09/19 00:26,"397 Lincoln St, San Francisco, CA 94016"
,,,,,
Order ID,Product,Quantity Ordered,Price Each,Order Date,Purchase Address
Order ID,Product,Quantity Ordered,Price Each,Order Date,Purchase Address
Order ID,Product,Quantity Ordered,Price Each,Order Date,Purchase Address
Order ID,Product,Quantity Ordered,Price Each,Order Date,Purchase Address
238842,Wired Headphones,1,11.99,08/28/19 17:59,"320 Park St, San Francisco, CA 94016"
238842,Wired Headphones,1,11.99,08/28/19 17:59,"320 Park St, San Francisco, CA 94016"
Order ID,Product,Quantity Ordered,Price Each,Order Date,Purchase Address
Order ID,Product,Quantity Ordered,Price Each,Order Date,Purchase Address
Order ID,Product,Quantity Ordered,Price Each,Order Date,Purchase Address
,,,,,
Order ID,Product,Quantity Ordered,Price Each,Order Date,Purchase Address
,,,,,
,,,,,
,,,,,
Order ID,Product,Quantity Ordered,Price Each,Order Date,Purchase Address
240682,27in FHD Monitor,1,149.99,08/12/19 10:51,"869 Jefferson St, Austin, TX 73301"
240682,27in FHD Monitor,1,149.99,08/12/19 10:51,"869 Jefferson St, Austin, TX 73301"
,,,,,
,,,,,
,,,,,
,,,,,
241182,27in 4K Gaming Monitor,1,389.99,08/31/19 20:22,"580 6th St, New York City, NY 10001"
241182,27in 4K Gaming Monitor,1,389.99,08/31/19 20:22,"580 6th St, New York City, NY 10001"
,,,,,
,,,,,
,,,,,
Order ID,Product,Quantity Ordered,Price Each,Order Date,Purchase Address
242784,Apple Airpods Headphones,1,150,08/08/19 19:38,"583 Hill St, Portland, OR 97035"
242784,Apple Airpods Headphones,1,150,08/08/19 19:38,"583 Hill St, Portland, OR 97035"
Order ID,Product,Quantity Ordered,Price Each,Order Date,Purchase Address
,,,,,
,,,,,
,,,,,
Order ID,Product,Quantity Ordered,Price Each,Order Date,Purchase Address
Order ID,Product,Quantity Ordered,Price Each,Order Date,Purchase Address
243728,Macbook Pro Laptop,1,1700,08/26/19 12:57,"665 14th St, Los Angeles, CA 90001"
243728,Macbook Pro Laptop,1,1700,08/26/19 12:57,"665 14th St, Los Angeles, CA 90001"
,,,,,
243958,Lightning Charging Cable,1,14.95,08/03/19 19:34,"314 Dogwood St, Portland, OR 97035"
243958,Lightning Charging Cable,1,14.95,08/03/19 19:34,"314 Dogwood St, Portland, OR 97035"
Order ID,Product,Quantity Ordered,Price Each,Order Date,Purchase Address
Order ID,Product,Quantity Ordered,Price Each,Order Date,Purchase Address
,,,,,
,,,,,
244727,Wired Headphones,1,11.99,08/29/19 16:00,"36 North St, Los Angeles, CA 90001"
244727,Wired Headphones,1,11.99,08/29/19 16:00,"36 North St, Los Angeles, CA 90001"
Order ID,Product,Quantity Ordered,Price Each,Order Date,Purchase Address
,,,,,
Order ID,Product,Quantity Ordered,Price Each,Order Date,Purchase Address
,,,,,
,,,,,
Order ID,Product,Quantity Ordered,Price Each,Order Date,Purchase Address
Order ID,Product,Quantity Ordered,Price Each,Order Date,Purchase Address
,,,,,
Order ID,Product,Quantity Ordered,Price Each,Order Date,Purchase Address
,,,,,
246084,Bose SoundSport Headphones,1,99.99,08/17/19 14:34,"731 Cherry St, Dallas, TX 75001"
246084,Bose SoundSport Headphones,1,99.99,08/17/19 14:34,"731 Cherry St, Dallas, TX 75001"
246092,USB-C Charging Cable,1,11.95,08/03/19 09:47,"175 Main St, Los Angeles, CA 90001"
246092,USB-C Charging Cable,1,11.95,08/03/19 09:47,"175 Main St, Los Angeles, CA 90001"
246275,Lightning Charging Cable,1,14.95,08/26/19 00:17,"491 Lake St, San Francisco, CA 94016"
246275,Lightning Charging Cable,1,14.95,08/26/19 00:17,"491 Lake St, San Francisco, CA 94016"
Order ID,Product,Quantity Ordered,Price Each,Order Date,Purchase Address
Order ID,Product,Quantity Ordered,Price Each,Order Date,Purchase Address
246602,34in Ultrawide Monitor,1,379.99,08/01/19 14:05,"490 Sunset St, Seattle, WA 98101"
246602,34in Ultrawide Monitor,1,379.99,08/01/19 14:05,"490 Sunset St, Seattle, WA 98101"
,,,,,
Order ID,Product,Quantity Ordered,Price Each,Order Date,Purchase Address
,,,,,
247041,AAA Batteries (4-pack),2,2.99,08/07/19 16:38,"367 2nd St, Los Angeles, CA 90001"
247041,AAA Batteries (4-pack),2,2.99,08/07/19 16:38,"367 2nd St, Los Angeles, CA 90001"
,,,,,
,,,,,
247075,USB-C Charging Cable,1,11.95,08/10/19 19:18,"213 Main St, New York City, NY 10001"
247075,USB-C Charging Cable,1,11.95,08/10/19 19:18,"213 Main St, New York City, NY 10001"
Order ID,Product,Quantity Ordered,Price Each,Order Date,Purchase Address
247673,USB-C Charging Cable,1,11.95,08/19/19 19:27,"600 River St, San Francisco, CA 94016"
247673,USB-C Charging Cable,1,11.95,08/19/19 19:27,"600 River St, San Francisco, CA 94016"
247868,34in Ultrawide Monitor,1,379.99,08/19/19 07:39,"151 Willow St, New York City, NY 10001"
247868,34in Ultrawide Monitor,1,379.99,08/19/19 07:39,"151 Willow St, New York City, NY 10001"
248036,USB-C Charging Cable,1,11.95,08/06/19 19:56,"340 Cherry St, San Francisco, CA 94016"
248036,USB-C Charging Cable,1,11.95,08/06/19 19:56,"340 Cherry St, San Francisco, CA 94016"
Order ID,Product,Quantity Ordered,Price Each,Order Date,Purchase Address
,,,,,
296081,Flatscreen TV,1,300,12/30/19 16:52,"970 Sunset St, Austin, TX 73301"
296081,Flatscreen TV,1,300,12/30/19 16:52,"970 Sunset St, Austin, TX 73301"
,,,,,
,,,,,
Order ID,Product,Quantity Ordered,Price Each,Order Date,Purchase Address
Order ID,Product,Quantity Ordered,Price Each,Order Date,Purchase Address
,,,,,
,,,,,
297311,Bose SoundSport Headphones,1,99.99,12/07/19 07:30,"858 Willow St, Los Angeles, CA 90001"
297311,Bose SoundSport Headphones,1,99.99,12/07/19 07:30,"858 Willow St, Los Angeles, CA 90001"
,,,,,
,,,,,
298358,Apple Airpods Headphones,1,150,12/04/19 15:57,"482 8th St, San Francisco, CA 94016"
298358,Apple Airpods Headphones,1,150,12/04/19 15:57,"482 8th St, San Francisco, CA 94016"
Order ID,Product,Quantity Ordered,Price Each,Order Date,Purchase Address
,,,,,
298657,Lightning Charging Cable,1,14.95,12/01/19 18:22,"428 12th St, Atlanta, GA 30301"
298657,Lightning Charging Cable,1,14.95,12/01/19 18:22,"428 12th St, Atlanta, GA 30301"
,,,,,
,,,,,
298883,Wired Headphones,1,11.99,12/28/19 18:07,"516 Willow St, Los Angeles, CA 90001"
298883,Wired Headphones,1,11.99,12/28/19 18:07,"516 Willow St, Los Angeles, CA 90001"
,,,,,
298988,Wired Headphones,1,11.99,12/26/19 16:11,"528 8th St, Austin, TX 73301"
298988,Wired Headphones,1,11.99,12/26/19 16:11,"528 8th St, Austin, TX 73301"
,,,,,
Order ID,Product,Quantity Ordered,Price Each,Order Date,Purchase Address
,,,,,
Order ID,Product,Quantity Ordered,Price Each,Order Date,Purchase Address
Order ID,Product,Quantity Ordered,Price Each,Order Date,Purchase Address
,,,,,
,,,,,
Order ID,Product,Quantity Ordered,Price Each,Order Date,Purchase Address
300085,AA Batteries (4-pack),1,3.84,12/17/19 14:01,"601 Spruce St, Boston, MA 02215"
300085,AA Batteries (4-pack),1,3.84,12/17/19 14:01,"601 Spruce St, Boston, MA 02215"
300119,Wired Headphones,1,11.99,12/30/19 13:22,"533 Jackson St, Seattle, WA 98101"
300119,Wired Headphones,1,11.99,12/30/19 13:22,"533 Jackson St, Seattle, WA 98101"
,,,,,
300127,Wired Headphones,1,11.99,12/10/19 08:55,"385 Center St, Dallas, TX 75001"
300127,Wired Headphones,1,11.99,12/10/19 08:55,"385 Center St, Dallas, TX 75001"
,,,,,
,,,,,
,,,,,
Order ID,Product,Quantity Ordered,Price Each,Order Date,Purchase Address
Order ID,Product,Quantity Ordered,Price Each,Order Date,Purchase Address
,,,,,
,,,,,
,,,,,
301693,AAA Batteries (4-pack),1,2.99,12/20/19 16:44,"536 Spruce St, San Francisco, CA 94016"
301693,AAA Batteries (4-pack),1,2.99,12/20/19 16:44,"536 Spruce St, San Francisco, CA 94016"
301780,AA Batteries (4-pack),1,3.84,12/09/19 00:54,"985 South St, San Francisco, CA 94016"
301780,AA Batteries (4-pack),1,3.84,12/09/19 00:54,"985 South St, San Francisco, CA 94016"
Order ID,Product,Quantity Ordered,Price Each,Order Date,Purchase Address
,,,,,
Order ID,Product,Quantity Ordered,Price Each,Order Date,Purchase Address
,,,,,
Order ID,Product,Quantity Ordered,Price Each,Order Date,Purchase Address
,,,,,
,,,,,
302846,Lightning Charging Cable,1,14.95,12/22/19 18:54,"489 9th St, Boston, MA 02215"
302846,Lightning Charging Cable,1,14.95,12/22/19 18:54,"489 9th St, Boston, MA 02215"
Order ID,Product,Quantity Ordered,Price Each,Order Date,Purchase Address
,,,,,
Order ID,Product,Quantity Ordered,Price Each,Order Date,Purchase Address
Order ID,Product,Quantity Ordered,Price Each,Order Date,Purchase Address
,,,,,
,,,,,
303777,Apple Airpods Headphones,1,150,12/30/19 15:35,"75 Washington St, Los Angeles, CA 90001"
303777,Apple Airpods Headphones,1,150,12/30/19 15:35,"75 Washington St, Los Angeles, CA 90001"
,,,,,
,,,,,
,,,,,
,,,,,
304375,Lightning Charging Cable,1,14.95,12/13/19 00:38,"272 North St, Los Angeles, CA 90001"
304375,Lightning Charging Cable,1,14.95,12/13/19 00:38,"272 North St, Los Angeles, CA 90001"
304531,Wired Headphones,1,11.99,12/27/19 00:44,"306 Jackson St, Los Angeles, CA 90001"
304531,Wired Headphones,1,11.99,12/27/19 00:44,"306 Jackson St, Los Angeles, CA 90001"
304761,USB-C Charging Cable,1,11.95,12/22/19 09:51,"506 8th St, San Francisco, CA 94016"
304761,USB-C Charging Cable,1,11.95,12/22/19 09:51,"506 8th St, San Francisco, CA 94016"
305423,Wired Headphones,1,11.99,12/31/19 10:58,"702 Chestnut St, San Francisco, CA 94016"
305423,Wired Headphones,1,11.99,12/31/19 10:58,"702 Chestnut St, San Francisco, CA 94016"
,,,,,
Order ID,Product,Quantity Ordered,Price Each,Order Date,Purchase Address
,,,,,
,,,,,
305804,34in Ultrawide Monitor,1,379.99,12/15/19 21:53,"445 Main St, San Francisco, CA 94016"
305804,34in Ultrawide Monitor,1,379.99,12/15/19 21:53,"445 Main St, San Francisco, CA 94016"
,,,,,
,,,,,
305928,ThinkPad Laptop,1,999.99,12/08/19 16:33,"637 North St, Los Angeles, CA 90001"
305928,ThinkPad Laptop,1,999.99,12/08/19 16:33,"637 North St, Los Angeles, CA 90001"
305954,Bose SoundSport Headphones,1,99.99,12/13/19 11:57,"289 Pine St, Boston, MA 02215"
305954,Bose SoundSport Headphones,1,99.99,12/13/19 11:57,"289 Pine St, Boston, MA 02215"
306308,Flatscreen TV,1,300,12/13/19 18:00,"960 Hill St, Seattle, WA 98101"
306308,Flatscreen TV,1,300,12/13/19 18:00,"960 Hill St, Seattle, WA 98101"
306458,27in 4K Gaming Monitor,1,389.99,12/22/19 11:27,"641 West St, Atlanta, GA 30301"
306458,27in 4K Gaming Monitor,1,389.99,12/22/19 11:27,"641 West St, Atlanta, GA 30301"
306485,Lightning Charging Cable,1,14.95,12/01/19 21:57,"337 9th St, San Francisco, CA 94016"
306485,Lightning Charging Cable,1,14.95,12/01/19 21:57,"337 9th St, San Francisco, CA 94016"
,,,,,
,,,,,
Order ID,Product,Quantity Ordered,Price Each,Order Date,Purchase Address
Order ID,Product,Quantity Ordered,Price Each,Order Date,Purchase Address
,,,,,
Order ID,Product,Quantity Ordered,Price Each,Order Date,Purchase Address
,,,,,
307114,Apple Airpods Headphones,1,150,12/13/19 16:17,"512 Maple St, Portland, OR 97035"
307114,Apple Airpods Headphones,1,150,12/13/19 16:17,"512 Maple St, Portland, OR 97035"
,,,,,
Order ID,Product,Quantity Ordered,Price Each,Order Date,Purchase Address
,,,,,
,,,,,
,,,,,
Order ID,Product,Quantity Ordered,Price Each,Order Date,Purchase Address
,,,,,
Order ID,Product,Quantity Ordered,Price Each,Order Date,Purchase Address
307861,Lightning Charging Cable,1,14.95,12/29/19 13:01,"124 Cherry St, San Francisco, CA 94016"
307861,Lightning Charging Cable,1,14.95,12/29/19 13:01,"124 Cherry St, San Francisco, CA 94016"
307923,Lightning Charging Cable,1,14.95,12/07/19 07:56,"526 13th St, Los Angeles, CA 90001"
307923,Lightning Charging Cable,1,14.95,12/07/19 07:56,"526 13th St, Los Angeles, CA 90001"
,,,,,
,,,,,
Order ID,Product,Quantity Ordered,Price Each,Order Date,Purchase Address
,,,,,
,,,,,
308362,AAA Batteries (4-pack),1,2.99,12/31/19 10:18,"914 Pine St, San Francisco, CA 94016"
308362,AAA Batteries (4-pack),1,2.99,12/31/19 10:18,"914 Pine St, San Francisco, CA 94016"
,,,,,
308671,27in 4K Gaming Monitor,1,389.99,12/28/19 10:52,"773 Johnson St, San Francisco, CA 94016"
308671,27in 4K Gaming Monitor,1,389.99,12/28/19 10:52,"773 Johnson St, San Francisco, CA 94016"
309008,Apple Airpods Headphones,1,150,12/23/19 22:13,"161 Pine St, Austin, TX 73301"
309008,Apple Airpods Headphones,1,150,12/23/19 22:13,"161 Pine St, Austin, TX 73301"
309045,Apple Airpods Headphones,1,150,12/14/19 20:00,"358 Chestnut St, New York City, NY 10001"
309045,Apple Airpods Headphones,1,150,12/14/19 20:00,"358 Chestnut St, New York City, NY 10001"
,,,,,
,,,,,
,,,,,
310524,Bose SoundSport Headphones,1,99.99,12/21/19 10:58,"319 8th St, Portland, OR 97035"
310524,Bose SoundSport Headphones,1,99.99,12/21/19 10:58,"319 8th St, Portland, OR 97035"
,,,,,
,,,,,
,,,,,
Order ID,Product,Quantity Ordered,Price Each,Order Date,Purchase Address
Order ID,Product,Quantity Ordered,Price Each,Order Date,Purchase Address
Order ID,Product,Quantity Ordered,Price Each,Order Date,Purchase Address
Order ID,Product,Quantity Ordered,Price Each,Order Date,Purchase Address
,,,,,
312825,Bose SoundSport Headphones,1,99.99,12/03/19 23:33,"615 1st St, New York City, NY 10001"
312825,Bose SoundSport Headphones,1,99.99,12/03/19 23:33,"615 1st St, New York City, NY 10001"
,,,,,
,,,,,
313410,Wired Headphones,1,11.99,12/27/19 19:47,"6 Hill St, San Francisco, CA 94016"
313410,Wired Headphones,1,11.99,12/27/19 19:47,"6 Hill St, San Francisco, CA 94016"
Order ID,Product,Quantity Ordered,Price Each,Order Date,Purchase Address
,,,,,
313728,Wired Headphones,1,11.99,12/28/19 14:40,"872 7th St, New York City, NY 10001"
313728,Wired Headphones,1,11.99,12/28/19 14:40,"872 7th St, New York City, NY 10001"
Order ID,Product,Quantity Ordered,Price Each,Order Date,Purchase Address
,,,,,
Order ID,Product,Quantity Ordered,Price Each,Order Date,Purchase Address
,,,,,
Order ID,Product,Quantity Ordered,Price Each,Order Date,Purchase Address
Order ID,Product,Quantity Ordered,Price Each,Order Date,Purchase Address
Order ID,Product,Quantity Ordered,Price Each,Order Date,Purchase Address
314614,AA Batteries (4-pack),1,3.84,12/02/19 14:47,"20 Lake St, San Francisco, CA 94016"
314614,AA Batteries (4-pack),1,3.84,12/02/19 14:47,"20 Lake St, San Francisco, CA 94016"
314675,AA Batteries (4-pack),1,3.84,12/26/19 09:01,"927 13th St, San Francisco, CA 94016"
314675,AA Batteries (4-pack),1,3.84,12/26/19 09:01,"927 13th St, San Francisco, CA 94016"
,,,,,
,,,,,
Order ID,Product,Quantity Ordered,Price Each,Order Date,Purchase Address
,,,,,
,,,,,
Order ID,Product,Quantity Ordered,Price Each,Order Date,Purchase Address
Order ID,Product,Quantity Ordered,Price Each,Order Date,Purchase Address
315204,Wired Headphones,1,11.99,12/12/19 12:41,"680 6th St, San Francisco, CA 94016"
315204,Wired Headphones,1,11.99,12/12/19 12:41,"680 6th St, San Francisco, CA 94016"
Order ID,Product,Quantity Ordered,Price Each,Order Date,Purchase Address
,,,,,
,,,,,
,,,,,
Order ID,Product,Quantity Ordered,Price Each,Order Date,Purchase Address
,,,,,
Order ID,Product,Quantity Ordered,Price Each,Order Date,Purchase Address
315955,ThinkPad Laptop,1,999.99,12/26/19 17:28,"588 Chestnut St, Seattle, WA 98101"
315955,ThinkPad Laptop,1,999.99,12/26/19 17:28,"588 Chestnut St, Seattle, WA 98101"
316173,AAA Batteries (4-pack),1,2.99,12/22/19 22:44,"907 Sunset St, Portland, OR 97035"
316173,AAA Batteries (4-pack),1,2.99,12/22/19 22:44,"907 Sunset St, Portland, OR 97035"
Order ID,Product,Quantity Ordered,Price Each,Order Date,Purchase Address
Order ID,Product,Quantity Ordered,Price Each,Order Date,Purchase Address
,,,,,
,,,,,
Order ID,Product,Quantity Ordered,Price Each,Order Date,Purchase Address
,,,,,
,,,,,
,,,,,
Order ID,Product,Quantity Ordered,Price Each,Order Date,Purchase Address
,,,,,
Order ID,Product,Quantity Ordered,Price Each,Order Date,Purchase Address
317971,AA Batteries (4-pack),1,3.84,12/17/19 18:39,"250 Chestnut St, San Francisco, CA 94016"
317971,AA Batteries (4-pack),1,3.84,12/17/19 18:39,"250 Chestnut St, San Francisco, CA 94016"
Order ID,Product,Quantity Ordered,Price Each,Order Date,Purchase Address
,,,,,
Order ID,Product,Quantity Ordered,Price Each,Order Date,Purchase Address
Order ID,Product,Quantity Ordered,Price Each,Order Date,Purchase Address
,,,,,
,,,,,
,,,,,
,,,,,
150917,Lightning Charging Cable,1,14.95,02/06/19 16:07,"111 10th St, Austin, TX 73301"
150917,Lightning Charging Cable,1,14.95,02/06/19 16:07,"111 10th St, Austin, TX 73301"
150925,iPhone,1,700,02/07/19 17:43,"784 Elm St, Boston, MA 02215"
150925,iPhone,1,700,02/07/19 17:43,"784 Elm St, Boston, MA 02215"
150943,USB-C Charging Cable,1,11.95,02/06/19 19:13,"759 1st St, Austin, TX 73301"
150943,USB-C Charging Cable,1,11.95,02/06/19 19:13,"759 1st St, Austin, TX 73301"
151024,Wired Headphones,1,11.99,02/19/19 08:39,"35 Pine St, Portland, OR 97035"
151024,Wired Headphones,1,11.99,02/19/19 08:39,"35 Pine St, Portland, OR 97035"
151616,USB-C Charging Cable,1,11.95,02/25/19 19:29,"666 Meadow St, Boston, MA 02215"
151616,USB-C Charging Cable,1,11.95,02/25/19 19:29,"666 Meadow St, Boston, MA 02215"
151673,Wired Headphones,1,11.99,02/10/19 21:52,"504 Center St, Dallas, TX 75001"
151673,Wired Headphones,1,11.99,02/10/19 21:52,"504 Center St, Dallas, TX 75001"
151856,USB-C Charging Cable,1,11.95,02/06/19 12:11,"475 Jackson St, San Francisco, CA 94016"
151856,USB-C Charging Cable,1,11.95,02/06/19 12:11,"475 Jackson St, San Francisco, CA 94016"
Order ID,Product,Quantity Ordered,Price Each,Order Date,Purchase Address
,,,,,
,,,,,
,,,,,
Order ID,Product,Quantity Ordered,Price Each,Order Date,Purchase Address
152330,Bose SoundSport Headphones,1,99.99,02/25/19 18:53,"827 Dogwood St, Los Angeles, CA 90001"
152330,Bose SoundSport Headphones,1,99.99,02/25/19 18:53,"827 Dogwood St, Los Angeles, CA 90001"
,,,,,
,,,,,
Order ID,Product,Quantity Ordered,Price Each,Order Date,Purchase Address
Order ID,Product,Quantity Ordered,Price Each,Order Date,Purchase Address
,,,,,
,,,,,
,,,,,
153304,Wired Headphones,1,11.99,02/12/19 20:08,"74 Meadow St, Austin, TX 73301"
153304,Wired Headphones,1,11.99,02/12/19 20:08,"74 Meadow St, Austin, TX 73301"
153315,Wired Headphones,1,11.99,02/13/19 14:47,"953 Jefferson St, Atlanta, GA 30301"
153315,Wired Headphones,1,11.99,02/13/19 14:47,"953 Jefferson St, Atlanta, GA 30301"
Order ID,Product,Quantity Ordered,Price Each,Order Date,Purchase Address
,,,,,
Order ID,Product,Quantity Ordered,Price Each,Order Date,Purchase Address
Order ID,Product,Quantity Ordered,Price Each,Order Date,Purchase Address
Order ID,Product,Quantity Ordered,Price Each,Order Date,Purchase Address
,,,,,
Order ID,Product,Quantity Ordered,Price Each,Order Date,Purchase Address
,,,,,
Order ID,Product,Quantity Ordered,Price Each,Order Date,Purchase Address
Order ID,Product,Quantity Ordered,Price Each,Order Date,Purchase Address
Order ID,Product,Quantity Ordered,Price Each,Order Date,Purchase Address
,,,,,
,,,,,
154737,Lightning Charging Cable,1,14.95,02/01/19 17:59,"513 10th St, San Francisco, CA 94016"
154737,Lightning Charging Cable,1,14.95,02/01/19 17:59,"513 10th St, San Francisco, CA 94016"
154747,27in 4K Gaming Monitor,1,389.99,02/01/19 22:46,"367 Cedar St, Austin, TX 73301"
154747,27in 4K Gaming Monitor,1,389.99,02/01/19 22:46,"367 Cedar St, Austin, TX 73301"
Order ID,Product,Quantity Ordered,Price Each,Order Date,Purchase Address
,,,,,
Order ID,Product,Quantity Ordered,Price Each,Order Date,Purchase Address
155697,AA Batteries (4-pack),1,3.84,02/13/19 15:17,"961 Spruce St, Boston, MA 02215"
155697,AA Batteries (4-pack),1,3.84,02/13/19 15:17,"961 Spruce St, Boston, MA 02215"
,,,,,
,,,,,
156109,Bose SoundSport Headphones,1,99.99,02/18/19 09:18,"450 Jackson St, Boston, MA 02215"
156109,Bose SoundSport Headphones,1,99.99,02/18/19 09:18,"450 Jackson St, Boston, MA 02215"
156247,AAA Batteries (4-pack),1,2.99,02/09/19 07:29,"511 Dogwood St, Los Angeles, CA 90001"
156247,AAA Batteries (4-pack),1,2.99,02/09/19 07:29,"511 Dogwood St, Los Angeles, CA 90001"
,,,,,
Order ID,Product,Quantity Ordered,Price Each,Order Date,Purchase Address
,,,,,
,,,,,
,,,,,
Order ID,Product,Quantity Ordered,Price Each,Order Date,Purchase Address
Order ID,Product,Quantity Ordered,Price Each,Order Date,Purchase Address
,,,,,
,,,,,
158236,AA Batteries (4-pack),1,3.84,02/19/19 09:49,"319 West St, San Francisco, CA 94016"
158236,AA Batteries (4-pack),1,3.84,02/19/19 09:49,"319 West St, San Francisco, CA 94016"
158841,34in Ultrawide Monitor,1,379.99,02/01/19 23:16,"786 Willow St, Boston, MA 02215"
158841,34in Ultrawide Monitor,1,379.99,02/01/19 23:16,"786 Willow St, Boston, MA 02215"
,,,,,
,,,,,
,,,,,
,,,,,
,,,,,
,,,,,
Order ID,Product,Quantity Ordered,Price Each,Order Date,Purchase Address
161567,Apple Airpods Headphones,1,150,02/10/19 11:42,"413 Walnut St, San Francisco, CA 94016"
161567,Apple Airpods Headphones,1,150,02/10/19 11:42,"413 Walnut St, San Francisco, CA 94016"
,,,,,
,,,,,
,,,,,
,,,,,
142071,AA Batteries (4-pack),1,3.84,01/17/19 23:02,"131 2nd St, Boston, MA 02215"
142071,AA Batteries (4-pack),1,3.84,01/17/19 23:02,"131 2nd St, Boston, MA 02215"
,,,,,
Order ID,Product,Quantity Ordered,Price Each,Order Date,Purchase Address
Order ID,Product,Quantity Ordered,Price Each,Order Date,Purchase Address
Order ID,Product,Quantity Ordered,Price Each,Order Date,Purchase Address
,,,,,
,,,,,
,,,,,
Order ID,Product,Quantity Ordered,Price Each,Order Date,Purchase Address
Order ID,Product,Quantity Ordered,Price Each,Order Date,Purchase Address
,,,,,
,,,,,
Order ID,Product,Quantity Ordered,Price Each,Order Date,Purchase Address
Order ID,Product,Quantity Ordered,Price Each,Order Date,Purchase Address
,,,,,
Order ID,Product,Quantity Ordered,Price Each,Order Date,Purchase Address
Order ID,Product,Quantity Ordered,Price Each,Order Date,Purchase Address
,,,,,
145143,Lightning Charging Cable,1,14.95,01/06/19 03:01,"182 Jefferson St, San Francisco, CA 94016"
145143,Lightning Charging Cable,1,14.95,01/06/19 03:01,"182 Jefferson St, San Francisco, CA 94016"
,,,,,
Order ID,Product,Quantity Ordered,Price Each,Order Date,Purchase Address
,,,,,
,,,,,
Order ID,Product,Quantity Ordered,Price Each,Order Date,Purchase Address
,,,,,
146765,Google Phone,1,600,01/21/19 11:23,"918 Highland St, New York City, NY 10001"
146765,Google Phone,1,600,01/21/19 11:23,"918 Highland St, New York City, NY 10001"
,,,,,
,,,,,
Order ID,Product,Quantity Ordered,Price Each,Order Date,Purchase Address
,,,,,
147707,Wired Headphones,1,11.99,01/04/19 16:50,"883 4th St, Dallas, TX 75001"
147707,Wired Headphones,1,11.99,01/04/19 16:50,"883 4th St, Dallas, TX 75001"
Order ID,Product,Quantity Ordered,Price Each,Order Date,Purchase Address
Order ID,Product,Quantity Ordered,Price Each,Order Date,Purchase Address
,,,,,
148984,USB-C Charging Cable,1,11.95,01/08/19 17:36,"562 14th St, Boston, MA 02215"
148984,USB-C Charging Cable,1,11.95,01/08/19 17:36,"562 14th St, Boston, MA 02215"
,,,,,
,,,,,
Order ID,Product,Quantity Ordered,Price Each,Order Date,Purchase Address
149149,Lightning Charging Cable,1,14.95,01/12/19 12:30,"180 1st St, Boston, MA 02215"
149149,Lightning Charging Cable,1,14.95,01/12/19 12:30,"180 1st St, Boston, MA 02215"
149308,Apple Airpods Headphones,1,150,01/02/19 23:07,"351 Madison St, New York City, NY 10001"
149308,Apple Airpods Headphones,1,150,01/02/19 23:07,"351 Madison St, New York City, NY 10001"
,,,,,
,,,,,
149515,USB-C Charging Cable,1,11.95,01/14/19 21:19,"913 10th St, Los Angeles, CA 90001"
149515,USB-C Charging Cable,1,11.95,01/14/19 21:19,"913 10th St, Los Angeles, CA 90001"
149738,USB-C Charging Cable,1,11.95,01/11/19 11:22,"612 West St, New York City, NY 10001"
149738,USB-C Charging Cable,1,11.95,01/11/19 11:22,"612 West St, New York City, NY 10001"
,,,,,
Order ID,Product,Quantity Ordered,Price Each,Order Date,Purchase Address
150216,Wired Headphones,1,11.99,01/21/19 09:20,"691 Pine St, San Francisco, CA 94016"
150216,Wired Headphones,1,11.99,01/21/19 09:20,"691 Pine St, San Francisco, CA 94016"
,,,,,
,,,,,
,,,,,
,,,,,
,,,,,
,,,,,
Order ID,Product,Quantity Ordered,Price Each,Order Date,Purchase Address
,,,,,
Order ID,Product,Quantity Ordered,Price Each,Order Date,Purchase Address
Order ID,Product,Quantity Ordered,Price Each,Order Date,Purchase Address
Order ID,Product,Quantity Ordered,Price Each,Order Date,Purchase Address
,,,,,
Order ID,Product,Quantity Ordered,Price Each,Order Date,Purchase Address
,,,,,
,,,,,
,,,,,
Order ID,Product,Quantity Ordered,Price Each,Order Date,Purchase Address
,,,,,
225674,Bose SoundSport Headphones,1,99.99,07/06/19 09:28,"470 Center St, Atlanta, GA 30301"
225674,Bose SoundSport Headphones,1,99.99,07/06/19 09:28,"470 Center St, Atlanta, GA 30301"
Order ID,Product,Quantity Ordered,Price Each,Order Date,Purchase Address
,,,,,
,,,,,
Order ID,Product,Quantity Ordered,Price Each,Order Date,Purchase Address
Order ID,Product,Quantity Ordered,Price Each,Order Date,Purchase Address
,,,,,
Order ID,Product,Quantity Ordered,Price Each,Order Date,Purchase Address
226333,AAA Batteries (4-pack),1,2.99,07/05/19 09:33,"947 West St, Seattle, WA 98101"
226333,AAA Batteries (4-pack),1,2.99,07/05/19 09:33,"947 West St, Seattle, WA 98101"
,,,,,
,,,,,
226421,Google Phone,1,600,07/28/19 17:21,"162 14th St, San Francisco, CA 94016"
226421,Google Phone,1,600,07/28/19 17:21,"162 14th St, San Francisco, CA 94016"
Order ID,Product,Quantity Ordered,Price Each,Order Date,Purchase Address
226526,AAA Batteries (4-pack),1,2.99,07/02/19 18:05,"926 Chestnut St, Atlanta, GA 30301"
226526,AAA Batteries (4-pack),1,2.99,07/02/19 18:05,"926 Chestnut St, Atlanta, GA 30301"
Order ID,Product,Quantity Ordered,Price Each,Order Date,Purchase Address
226625,Wired Headphones,1,11.99,07/15/19 23:06,"553 Willow St, San Francisco, CA 94016"
226625,Wired Headphones,1,11.99,07/15/19 23:06,"553 Willow St, San Francisco, CA 94016"
,,,,,
227128,27in FHD Monitor,1,149.99,07/18/19 01:22,"152 Main St, San Francisco, CA 94016"
227128,27in FHD Monitor,1,149.99,07/18/19 01:22,"152 Main St, San Francisco, CA 94016"
Order ID,Product,Quantity Ordered,Price Each,Order Date,Purchase Address
,,,,,
,,,,,
227586,Bose SoundSport Headphones,1,99.99,07/25/19 13:36,"416 Sunset St, Los Angeles, CA 90001"
227586,Bose SoundSport Headphones,1,99.99,07/25/19 13:36,"416 Sunset St, Los Angeles, CA 90001"
,,,,,
Order ID,Product,Quantity Ordered,Price Each,Order Date,Purchase Address
Order ID,Product,Quantity Ordered,Price Each,Order Date,Purchase Address
Order ID,Product,Quantity Ordered,Price Each,Order Date,Purchase Address
228015,AA Batteries (4-pack),1,3.84,07/06/19 16:53,"162 Ridge St, Boston, MA 02215"
228015,AA Batteries (4-pack),1,3.84,07/06/19 16:53,"162 Ridge St, Boston, MA 02215"
,,,,,
228433,Bose SoundSport Headphones,1,99.99,07/08/19 20:32,"481 Maple St, San Francisco, CA 94016"
228433,Bose SoundSport Headphones,1,99.99,07/08/19 20:32,"481 Maple St, San Francisco, CA 94016"
Order ID,Product,Quantity Ordered,Price Each,Order Date,Purchase Address
,,,,,
228708,Lightning Charging Cable,1,14.95,07/12/19 04:17,"274 Spruce St, New York City, NY 10001"
228708,Lightning Charging Cable,1,14.95,07/12/19 04:17,"274 Spruce St, New York City, NY 10001"
,,,,,
,,,,,
,,,,,
,,,,,
,,,,,
,,,,,
,,,,,
229701,27in FHD Monitor,1,149.99,07/25/19 10:22,"696 Adams St, Los Angeles, CA 90001"
229701,27in FHD Monitor,1,149.99,07/25/19 10:22,"696 Adams St, Los Angeles, CA 90001"
Order ID,Product,Quantity Ordered,Price Each,Order Date,Purchase Address
,,,,,
Order ID,Product,Quantity Ordered,Price Each,Order Date,Purchase Address
,,,,,
230583,Lightning Charging Cable,1,14.95,07/25/19 21:05,"554 Jackson St, Los Angeles, CA 90001"
230583,Lightning Charging Cable,1,14.95,07/25/19 21:05,"554 Jackson St, Los Angeles, CA 90001"
Order ID,Product,Quantity Ordered,Price Each,Order Date,Purchase Address
Order ID,Product,Quantity Ordered,Price Each,Order Date,Purchase Address
,,,,,
Order ID,Product,Quantity Ordered,Price Each,Order Date,Purchase Address
Order ID,Product,Quantity Ordered,Price Each,Order Date,Purchase Address
Order ID,Product,Quantity Ordered,Price Each,Order Date,Purchase Address
230857,USB-C Charging Cable,1,11.95,07/18/19 12:21,"367 Meadow St, Los Angeles, CA 90001"
230857,USB-C Charging Cable,1,11.95,07/18/19 12:21,"367 Meadow St, Los Angeles, CA 90001"
,,,,,
Order ID,Product,Quantity Ordered,Price Each,Order Date,Purchase Address
Order ID,Product,Quantity Ordered,Price Each,Order Date,Purchase Address
231254,AAA Batteries (4-pack),1,2.99,07/11/19 13:41,"53 Willow St, New York City, NY 10001"
231254,AAA Batteries (4-pack),1,2.99,07/11/19 13:41,"53 Willow St, New York City, NY 10001"
,,,,,
,,,,,
Order ID,Product,Quantity Ordered,Price Each,Order Date,Purchase Address
Order ID,Product,Quantity Ordered,Price Each,Order Date,Purchase Address
,,,,,
Order ID,Product,Quantity Ordered,Price Each,Order Date,Purchase Address
Order ID,Product,Quantity Ordered,Price Each,Order Date,Purchase Address
Order ID,Product,Quantity Ordered,Price Each,Order Date,Purchase Address
233314,Lightning Charging Cable,1,14.95,07/18/19 15:04,"237 4th St, Boston, MA 02215"
233314,Lightning Charging Cable,1,14.95,07/18/19 15:04,"237 4th St, Boston, MA 02215"
233325,AAA Batteries (4-pack),1,2.99,07/10/19 22:22,"852 Madison St, Los Angeles, CA 90001"
233325,AAA Batteries (4-pack),1,2.99,07/10/19 22:22,"852 Madison St, Los Angeles, CA 90001"
,,,,,
,,,,,
234091,Lightning Charging Cable,1,14.95,07/02/19 22:48,"202 South St, San Francisco, CA 94016"
234091,Lightning Charging Cable,1,14.95,07/02/19 22:48,"202 South St, San Francisco, CA 94016"
234258,Lightning Charging Cable,1,14.95,07/16/19 15:37,"341 2nd St, San Francisco, CA 94016"
234258,Lightning Charging Cable,1,14.95,07/16/19 15:37,"341 2nd St, San Francisco, CA 94016"
Order ID,Product,Quantity Ordered,Price Each,Order Date,Purchase Address
Order ID,Product,Quantity Ordered,Price Each,Order Date,Purchase Address
,,,,,
,,,,,
,,,,,
Order ID,Product,Quantity Ordered,Price Each,Order Date,Purchase Address
,,,,,
,,,,,
Order ID,Product,Quantity Ordered,Price Each,Order Date,Purchase Address
,,,,,
,,,,,
,,,,,
Order ID,Product,Quantity Ordered,Price Each,Order Date,Purchase Address
,,,,,
,,,,,
210550,Lightning Charging Cable,1,14.95,06/11/19 19:41,"226 Madison St, Atlanta, GA 30301"
210550,Lightning Charging Cable,1,14.95,06/11/19 19:41,"226 Madison St, Atlanta, GA 30301"
,,,,,
Order ID,Product,Quantity Ordered,Price Each,Order Date,Purchase Address
210950,Apple Airpods Headphones,1,150,06/22/19 20:00,"479 Hickory St, New York City, NY 10001"
210950,Apple Airpods Headphones,1,150,06/22/19 20:00,"479 Hickory St, New York City, NY 10001"
,,,,,
,,,,,
211235,AA Batteries (4-pack),1,3.84,06/04/19 16:48,"482 Church St, Los Angeles, CA 90001"
211235,AA Batteries (4-pack),1,3.84,06/04/19 16:48,"482 Church St, Los Angeles, CA 90001"
,,,,,
,,,,,
Order ID,Product,Quantity Ordered,Price Each,Order Date,Purchase Address
Order ID,Product,Quantity Ordered,Price Each,Order Date,Purchase Address
,,,,,
,,,,,
,,,,,
,,,,,
212107,Bose SoundSport Headphones,1,99.99,06/28/19 23:49,"398 Walnut St, San Francisco, CA 94016"
212107,Bose SoundSport Headphones,1,99.99,06/28/19 23:49,"398 Walnut St, San Francisco, CA 94016"
,,,,,
,,,,,
,,,,,
Order ID,Product,Quantity Ordered,Price Each,Order Date,Purchase Address
,,,,,
Order ID,Product,Quantity Ordered,Price Each,Order Date,Purchase Address
213035,USB-C Charging Cable,1,11.95,06/23/19 20:03,"398 2nd St, Dallas, TX 75001"
213035,USB-C Charging Cable,1,11.95,06/23/19 20:03,"398 2nd St, Dallas, TX 75001"
,,,,,
Order ID,Product,Quantity Ordered,Price Each,Order Date,Purchase Address
Order ID,Product,Quantity Ordered,Price Each,Order Date,Purchase Address
Order ID,Product,Quantity Ordered,Price Each,Order Date,Purchase Address
Order ID,Product,Quantity Ordered,Price Each,Order Date,Purchase Address
,,,,,
,,,,,
Order ID,Product,Quantity Ordered,Price Each,Order Date,Purchase Address
,,,,,
Order ID,Product,Quantity Ordered,Price Each,Order Date,Purchase Address
,,,,,
,,,,,
214776,USB-C Charging Cable,1,11.95,06/17/19 19:22,"291 2nd St, Portland, ME 04101"
214776,USB-C Charging Cable,1,11.95,06/17/19 19:22,"291 2nd St, Portland, ME 04101"
214960,Bose SoundSport Headphones,1,99.99,06/20/19 04:29,"616 Cedar St, Portland, OR 97035"
214960,Bose SoundSport Headphones,1,99.99,06/20/19 04:29,"616 Cedar St, Portland, OR 97035"
214976,iPhone,1,700,06/24/19 23:41,"287 6th St, San Francisco, CA 94016"
214976,iPhone,1,700,06/24/19 23:41,"287 6th St, San Francisco, CA 94016"
Order ID,Product,Quantity Ordered,Price Each,Order Date,Purchase Address
,,,,,
,,,,,
Order ID,Product,Quantity Ordered,Price Each,Order Date,Purchase Address
,,,,,
216126,Wired Headphones,1,11.99,06/29/19 07:53,"3 12th St, New York City, NY 10001"
216126,Wired Headphones,1,11.99,06/29/19 07:53,"3 12th St, New York City, NY 10001"
216321,USB-C Charging Cable,1,11.95,06/19/19 16:11,"586 Wilson St, Seattle, WA 98101"
216321,USB-C Charging Cable,1,11.95,06/19/19 16:11,"586 Wilson St, Seattle, WA 98101"
,,,,,
217210,Apple Airpods Headphones,1,150,06/11/19 15:31,"258 10th St, Boston, MA 02215"
217210,Apple Airpods Headphones,1,150,06/11/19 15:31,"258 10th St, Boston, MA 02215"
Order ID,Product,Quantity Ordered,Price Each,Order Date,Purchase Address
,,,,,
,,,,,
,,,,,
Order ID,Product,Quantity Ordered,Price Each,Order Date,Purchase Address
,,,,,
217951,Bose SoundSport Headphones,1,99.99,06/23/19 11:51,"883 Jackson St, Boston, MA 02215"
217951,Bose SoundSport Headphones,1,99.99,06/23/19 11:51,"883 Jackson St, Boston, MA 02215"
Order ID,Product,Quantity Ordered,Price Each,Order Date,Purchase Address
218420,Lightning Charging Cable,1,14.95,06/22/19 16:25,"543 North St, Boston, MA 02215"
218420,Lightning Charging Cable,1,14.95,06/22/19 16:25,"543 North St, Boston, MA 02215"
Order ID,Product,Quantity Ordered,Price Each,Order Date,Purchase Address
,,,,,
218548,AA Batteries (4-pack),1,3.84,06/04/19 21:21,"519 Maple St, Boston, MA 02215"
218548,AA Batteries (4-pack),1,3.84,06/04/19 21:21,"519 Maple St, Boston, MA 02215"
218756,AAA Batteries (4-pack),1,2.99,06/11/19 14:54,"362 Hickory St, Boston, MA 02215"
218756,AAA Batteries (4-pack),1,2.99,06/11/19 14:54,"362 Hickory St, Boston, MA 02215"
,,,,,
219007,AA Batteries (4-pack),1,3.84,06/24/19 11:16,"42 8th St, Los Angeles, CA 90001"
219007,AA Batteries (4-pack),1,3.84,06/24/19 11:16,"42 8th St, Los Angeles, CA 90001"
Order ID,Product,Quantity Ordered,Price Each,Order Date,Purchase Address
,,,,,
Order ID,Product,Quantity Ordered,Price Each,Order Date,Purchase Address
Order ID,Product,Quantity Ordered,Price Each,Order Date,Purchase Address
,,,,,
220392,Lightning Charging Cable,1,14.95,06/08/19 17:13,"472 8th St, Portland, ME 04101"
220392,Lightning Charging Cable,1,14.95,06/08/19 17:13,"472 8th St, Portland, ME 04101"
Order ID,Product,Quantity Ordered,Price Each,Order Date,Purchase Address
220882,Lightning Charging Cable,1,14.95,06/13/19 17:53,"588 Lake St, Boston, MA 02215"
220882,Lightning Charging Cable,1,14.95,06/13/19 17:53,"588 Lake St, Boston, MA 02215"
,,,,,
,,,,,
,,,,,
,,,,,
221711,Bose SoundSport Headphones,1,99.99,06/15/19 16:36,"139 West St, New York City, NY 10001"
221711,Bose SoundSport Headphones,1,99.99,06/15/19 16:36,"139 West St, New York City, NY 10001"
,,,,,
,,,,,
,,,,,
,,,,,
,,,,,
Order ID,Product,Quantity Ordered,Price Each,Order Date,Purchase Address
,,,,,
162332,Flatscreen TV,1,300,03/20/19 14:23,"925 10th St, Atlanta, GA 30301"
162332,Flatscreen TV,1,300,03/20/19 14:23,"925 10th St, Atlanta, GA 30301"
Order ID,Product,Quantity Ordered,Price Each,Order Date,Purchase Address
Order ID,Product,Quantity Ordered,Price Each,Order Date,Purchase Address
Order ID,Product,Quantity Ordered,Price Each,Order Date,Purchase Address
,,,,,
163018,AAA Batteries (4-pack),1,2.99,03/17/19 14:10,"694 Cedar St, Seattle, WA 98101"
163018,AAA Batteries (4-pack),1,2.99,03/17/19 14:10,"694 Cedar St, Seattle, WA 98101"
,,,,,
,,,,,
Order ID,Product,Quantity Ordered,Price Each,Order Date,Purchase Address
,,,,,
Order ID,Product,Quantity Ordered,Price Each,Order Date,Purchase Address
,,,,,
Order ID,Product,Quantity Ordered,Price Each,Order Date,Purchase Address
164046,Bose SoundSport Headphones,1,99.99,03/17/19 20:44,"837 Dogwood St, San Francisco, CA 94016"
164046,Bose SoundSport Headphones,1,99.99,03/17/19 20:44,"837 Dogwood St, San Francisco, CA 94016"
,,,,,
Order ID,Product,Quantity Ordered,Price Each,Order Date,Purchase Address
Order ID,Product,Quantity Ordered,Price Each,Order Date,Purchase Address
164825,Lightning Charging Cable,1,14.95,03/23/19 18:51,"34 Pine St, San Francisco, CA 94016"
164825,Lightning Charging Cable,1,14.95,03/23/19 18:51,"34 Pine St, San Francisco, CA 94016"
,,,,,
,,,,,
,,,,,
165180,Lightning Charging Cable,1,14.95,03/24/19 12:57,"597 5th St, Seattle, WA 98101"
165180,Lightning Charging Cable,1,14.95,03/24/19 12:57,"597 5th St, Seattle, WA 98101"
Order ID,Product,Quantity Ordered,Price Each,Order Date,Purchase Address
,,,,,
165481,Apple Airpods Headphones,1,150,03/19/19 18:55,"422 4th St, Los Angeles, CA 90001"
165481,Apple Airpods Headphones,1,150,03/19/19 18:55,"422 4th St, Los Angeles, CA 90001"
,,,,,
165668,34in Ultrawide Monitor,1,379.99,03/27/19 11:28,"386 Jackson St, San Francisco, CA 94016"
165668,34in Ultrawide Monitor,1,379.99,03/27/19 11:28,"386 Jackson St, San Francisco, CA 94016"
Order ID,Product,Quantity Ordered,Price Each,Order Date,Purchase Address
Order ID,Product,Quantity Ordered,Price Each,Order Date,Purchase Address
165934,USB-C Charging Cable,1,11.95,03/24/19 08:25,"521 Forest St, Seattle, WA 98101"
165934,USB-C Charging Cable,1,11.95,03/24/19 08:25,"521 Forest St, Seattle, WA 98101"
Order ID,Product,Quantity Ordered,Price Each,Order Date,Purchase Address
Order ID,Product,Quantity Ordered,Price Each,Order Date,Purchase Address
Order ID,Product,Quantity Ordered,Price Each,Order Date,Purchase Address
166981,AAA Batteries (4-pack),1,2.99,03/31/19 01:40,"557 Wilson St, Dallas, TX 75001"
166981,AAA Batteries (4-pack),1,2.99,03/31/19 01:40,"557 Wilson St, Dallas, TX 75001"
,,,,,
,,,,,
,,,,,
167429,Lightning Charging Cable,1,14.95,03/27/19 05:05,"430 Lake St, San Francisco, CA 94016"
167429,Lightning Charging Cable,1,14.95,03/27/19 05:05,"430 Lake St, San Francisco, CA 94016"
Order ID,Product,Quantity Ordered,Price Each,Order Date,Purchase Address
Order ID,Product,Quantity Ordered,Price Each,Order Date,Purchase Address
167654,27in FHD Monitor,1,149.99,03/29/19 15:10,"654 5th St, Portland, OR 97035"
167654,27in FHD Monitor,1,149.99,03/29/19 15:10,"654 5th St, Portland, OR 97035"
,,,,,
Order ID,Product,Quantity Ordered,Price Each,Order Date,Purchase Address
,,,,,
Order ID,Product,Quantity Ordered,Price Each,Order Date,Purchase Address
168724,Apple Airpods Headphones,1,150,03/13/19 11:25,"552 Park St, Los Angeles, CA 90001"
168724,Apple Airpods Headphones,1,150,03/13/19 11:25,"552 Park St, Los Angeles, CA 90001"
168777,Lightning Charging Cable,1,14.95,03/07/19 14:55,"247 Pine St, San Francisco, CA 94016"
168777,Lightning Charging Cable,1,14.95,03/07/19 14:55,"247 Pine St, San Francisco, CA 94016"
168888,AA Batteries (4-pack),1,3.84,03/18/19 14:26,"815 Hill St, Los Angeles, CA 90001"
168888,AA Batteries (4-pack),1,3.84,03/18/19 14:26,"815 Hill St, Los Angeles, CA 90001"
Order ID,Product,Quantity Ordered,Price Each,Order Date,Purchase Address
Order ID,Product,Quantity Ordered,Price Each,Order Date,Purchase Address
Order ID,Product,Quantity Ordered,Price Each,Order Date,Purchase Address
,,,,,
,,,,,
Order ID,Product,Quantity Ordered,Price Each,Order Date,Purchase Address
169600,Wired Headphones,1,11.99,03/10/19 11:12,"839 Cedar St, New York City, NY 10001"
169600,Wired Headphones,1,11.99,03/10/19 11:12,"839 Cedar St, New York City, NY 10001"
169659,Bose SoundSport Headphones,1,99.99,03/22/19 16:56,"680 Forest St, Seattle, WA 98101"
169659,Bose SoundSport Headphones,1,99.99,03/22/19 16:56,"680 Forest St, Seattle, WA 98101"
,,,,,
Order ID,Product,Quantity Ordered,Price Each,Order Date,Purchase Address
,,,,,
170109,Apple Airpods Headphones,1,150,03/16/19 13:35,"462 Meadow St, Seattle, WA 98101"
170109,Apple Airpods Headphones,1,150,03/16/19 13:35,"462 Meadow St, Seattle, WA 98101"
170168,USB-C Charging Cable,1,11.95,03/09/19 16:58,"923 13th St, Los Angeles, CA 90001"
170168,USB-C Charging Cable,1,11.95,03/09/19 16:58,"923 13th St, Los Angeles, CA 90001"
,,,,,
Order ID,Product,Quantity Ordered,Price Each,Order Date,Purchase Address
171322,20in Monitor,1,109.99,03/15/19 13:45,"357 Meadow St, Portland, ME 04101"
171322,20in Monitor,1,109.99,03/15/19 13:45,"357 Meadow St, Portland, ME 04101"
171373,AA Batteries (4-pack),2,3.84,03/23/19 22:20,"49 Sunset St, Austin, TX 73301"
171373,AA Batteries (4-pack),2,3.84,03/23/19 22:20,"49 Sunset St, Austin, TX 73301"
Order ID,Product,Quantity Ordered,Price Each,Order Date,Purchase Address
,,,,,
,,,,,
,,,,,
172155,USB-C Charging Cable,1,11.95,03/11/19 23:08,"712 1st St, New York City, NY 10001"
172155,USB-C Charging Cable,1,11.95,03/11/19 23:08,"712 1st St, New York City, NY 10001"
,,,,,
,,,,,
Order ID,Product,Quantity Ordered,Price Each,Order Date,Purchase Address
,,,,,
,,,,,
,,,,,
,,,,,
,,,,,
173388,Bose SoundSport Headphones,1,99.99,03/21/19 15:31,"96 Cherry St, San Francisco, CA 94016"
173388,Bose SoundSport Headphones,1,99.99,03/21/19 15:31,"96 Cherry St, San Francisco, CA 94016"
,,,,,
Order ID,Product,Quantity Ordered,Price Each,Order Date,Purchase Address
Order ID,Product,Quantity Ordered,Price Each,Order Date,Purchase Address
Order ID,Product,Quantity Ordered,Price Each,Order Date,Purchase Address
,,,,,
Order ID,Product,Quantity Ordered,Price Each,Order Date,Purchase Address
174691,Apple Airpods Headphones,1,150,03/17/19 13:22,"672 Highland St, Seattle, WA 98101"
174691,Apple Airpods Headphones,1,150,03/17/19 13:22,"672 Highland St, Seattle, WA 98101"
Order ID,Product,Quantity Ordered,Price Each,Order Date,Purchase Address
,,,,,
174972,USB-C Charging Cable,1,11.95,03/26/19 23:02,"389 10th St, New York City, NY 10001"
174972,USB-C Charging Cable,1,11.95,03/26/19 23:02,"389 10th St, New York City, NY 10001"
,,,,,
Order ID,Product,Quantity Ordered,Price Each,Order Date,Purchase Address
,,,,,
Order ID,Product,Quantity Ordered,Price Each,Order Date,Purchase Address
,,,,,
Order ID,Product,Quantity Ordered,Price Each,Order Date,Purchase Address
Order ID,Product,Quantity Ordered,Price Each,Order Date,Purchase Address
176537,Apple Airpods Headphones,1,150,03/12/19 07:33,"80 Church St, Austin, TX 73301"
176537,Apple Airpods Headphones,1,150,03/12/19 07:33,"80 Church St, Austin, TX 73301"
,,,,,
,,,,,
,,,,,
,,,,,
Order ID,Product,Quantity Ordered,Price Each,Order Date,Purchase Address
Order ID,Product,Quantity Ordered,Price Each,Order Date,Purchase Address
Order ID,Product,Quantity Ordered,Price Each,Order Date,Purchase Address
195045,Wired Headphones,1,11.99,05/24/19 02:22,"95 Jefferson St, Atlanta, GA 30301"
195045,Wired Headphones,1,11.99,05/24/19 02:22,"95 Jefferson St, Atlanta, GA 30301"
195299,Lightning Charging Cable,1,14.95,05/30/19 19:33,"237 North St, Dallas, TX 75001"
195299,Lightning Charging Cable,1,14.95,05/30/19 19:33,"237 North St, Dallas, TX 75001"
Order ID,Product,Quantity Ordered,Price Each,Order Date,Purchase Address
Order ID,Product,Quantity Ordered,Price Each,Order Date,Purchase Address
,,,,,
,,,,,
,,,,,
,,,,,
196429,AAA Batteries (4-pack),1,2.99,05/30/19 17:30,"966 11th St, New York City, NY 10001"
196429,AAA Batteries (4-pack),1,2.99,05/30/19 17:30,"966 11th St, New York City, NY 10001"
,,,,,
,,,,,
Order ID,Product,Quantity Ordered,Price Each,Order Date,Purchase Address
Order ID,Product,Quantity Ordered,Price Each,Order Date,Purchase Address
,,,,,
,,,,,
Order ID,Product,Quantity Ordered,Price Each,Order Date,Purchase Address
197845,USB-C Charging Cable,1,11.95,05/09/19 15:23,"95 Willow St, Dallas, TX 75001"
197845,USB-C Charging Cable,1,11.95,05/09/19 15:23,"95 Willow St, Dallas, TX 75001"
,,,,,
,,,,,
,,,,,
,,,,,
Order ID,Product,Quantity Ordered,Price Each,Order Date,Purchase Address
198514,USB-C Charging Cable,1,11.95,05/13/19 18:56,"171 Jackson St, Seattle, WA 98101"
198514,USB-C Charging Cable,1,11.95,05/13/19 18:56,"171 Jackson St, Seattle, WA 98101"
,,,,,
Order ID,Product,Quantity Ordered,Price Each,Order Date,Purchase Address
,,,,,
Order ID,Product,Quantity Ordered,Price Each,Order Date,Purchase Address
,,,,,
Order ID,Product,Quantity Ordered,Price Each,Order Date,Purchase Address
Order ID,Product,Quantity Ordered,Price Each,Order Date,Purchase Address
Order ID,Product,Quantity Ordered,Price Each,Order Date,Purchase Address
,,,,,
199948,AAA Batteries (4-pack),1,2.99,05/09/19 16:02,"892 2nd St, Los Angeles, CA 90001"
199948,AAA Batteries (4-pack),1,2.99,05/09/19 16:02,"892 2nd St, Los Angeles, CA 90001"
,,,,,
,,,,,
,,,,,
,,,,,
Order ID,Product,Quantity Ordered,Price Each,Order Date,Purchase Address
Order ID,Product,Quantity Ordered,Price Each,Order Date,Purchase Address
,,,,,
201606,AA Batteries (4-pack),1,3.84,05/02/19 14:07,"309 Main St, Seattle, WA 98101"
201606,AA Batteries (4-pack),1,3.84,05/02/19 14:07,"309 Main St, Seattle, WA 98101"
201727,AAA Batteries (4-pack),1,2.99,05/08/19 17:00,"659 2nd St, New York City, NY 10001"
201727,AAA Batteries (4-pack),1,2.99,05/08/19 17:00,"659 2nd St, New York City, NY 10001"
202186,Bose SoundSport Headphones,1,99.99,05/16/19 07:09,"296 1st St, Los Angeles, CA 90001"
202186,Bose SoundSport Headphones,1,99.99,05/16/19 07:09,"296 1st St, Los Angeles, CA 90001"
202212,Macbook Pro Laptop,1,1700,05/25/19 13:19,"10 1st St, San Francisco, CA 94016"
202212,Macbook Pro Laptop,1,1700,05/25/19 13:19,"10 1st St, San Francisco, CA 94016"
,,,,,
,,,,,
Order ID,Product,Quantity Ordered,Price Each,Order Date,Purchase Address
,,,,,
Order ID,Product,Quantity Ordered,Price Each,Order Date,Purchase Address
Order ID,Product,Quantity Ordered,Price Each,Order Date,Purchase Address
Order ID,Product,Quantity Ordered,Price Each,Order Date,Purchase Address
,,,,,
,,,,,
,,,,,
Order ID,Product,Quantity Ordered,Price Each,Order Date,Purchase Address
,,,,,
,,,,,
,,,,,
203850,AAA Batteries (4-pack),1,2.99,05/18/19 17:17,"54 Adams St, Dallas, TX 75001"
203850,AAA Batteries (4-pack),1,2.99,05/18/19 17:17,"54 Adams St, Dallas, TX 75001"
Order ID,Product,Quantity Ordered,Price Each,Order Date,Purchase Address
Order ID,Product,Quantity Ordered,Price Each,Order Date,Purchase Address
Order ID,Product,Quantity Ordered,Price Each,Order Date,Purchase Address
Order ID,Product,Quantity Ordered,Price Each,Order Date,Purchase Address
Order ID,Product,Quantity Ordered,Price Each,Order Date,Purchase Address
205018,USB-C Charging Cable,1,11.95,05/16/19 22:32,"859 Lincoln St, Boston, MA 02215"
205018,USB-C Charging Cable,1,11.95,05/16/19 22:32,"859 Lincoln St, Boston, MA 02215"
,,,,,
,,,,,
Order ID,Product,Quantity Ordered,Price Each,Order Date,Purchase Address
,,,,,
,,,,,
,,,,,
207395,USB-C Charging Cable,1,11.95,05/18/19 07:44,"740 Wilson St, San Francisco, CA 94016"
207395,USB-C Charging Cable,1,11.95,05/18/19 07:44,"740 Wilson St, San Francisco, CA 94016"
Order ID,Product,Quantity Ordered,Price Each,Order Date,Purchase Address
207658,Bose SoundSport Headphones,1,99.99,05/07/19 16:26,"581 Johnson St, Dallas, TX 75001"
207658,Bose SoundSport Headphones,1,99.99,05/07/19 16:26,"581 Johnson St, Dallas, TX 75001"
Order ID,Product,Quantity Ordered,Price Each,Order Date,Purchase Address
,,,,,
Order ID,Product,Quantity Ordered,Price Each,Order Date,Purchase Address
,,,,,
,,,,,
,,,,,
Order ID,Product,Quantity Ordered,Price Each,Order Date,Purchase Address
,,,,,
,,,,,
,,,,,
Order ID,Product,Quantity Ordered,Price Each,Order Date,Purchase Address
,,,,,
Order ID,Product,Quantity Ordered,Price Each,Order Date,Purchase Address
,,,,,
,,,,,
,,,,,
279069,USB-C Charging Cable,1,11.95,11/14/19 16:30,"593 South St, San Francisco, CA 94016"
279069,USB-C Charging Cable,1,11.95,11/14/19 16:30,"593 South St, San Francisco, CA 94016"
,,,,,
,,,,,
279499,Google Phone,1,600,11/24/19 13:51,"503 Maple St, Boston, MA 02215"
279499,Google Phone,1,600,11/24/19 13:51,"503 Maple St, Boston, MA 02215"
,,,,,
279736,Bose SoundSport Headphones,1,99.99,11/05/19 17:02,"770 North St, Dallas, TX 75001"
279736,Bose SoundSport Headphones,1,99.99,11/05/19 17:02,"770 North St, Dallas, TX 75001"
279763,AAA Batteries (4-pack),1,2.99,11/27/19 13:12,"522 Pine St, San Francisco, CA 94016"
279763,AAA Batteries (4-pack),1,2.99,11/27/19 13:12,"522 Pine St, San Francisco, CA 94016"
279889,Bose SoundSport Headphones,1,99.99,11/18/19 19:35,"499 8th St, Atlanta, GA 30301"
279889,Bose SoundSport Headphones,1,99.99,11/18/19 19:35,"499 8th St, Atlanta, GA 30301"
Order ID,Product,Quantity Ordered,Price Each,Order Date,Purchase Address
Order ID,Product,Quantity Ordered,Price Each,Order Date,Purchase Address
Order ID,Product,Quantity Ordered,Price Each,Order Date,Purchase Address
Order ID,Product,Quantity Ordered,Price Each,Order Date,Purchase Address
,,,,,
Order ID,Product,Quantity Ordered,Price Each,Order Date,Purchase Address
,,,,,
,,,,,
,,,,,
Order ID,Product,Quantity Ordered,Price Each,Order Date,Purchase Address
Order ID,Product,Quantity Ordered,Price Each,Order Date,Purchase Address
,,,,,
Order ID,Product,Quantity Ordered,Price Each,Order Date,Purchase Address
281389,Lightning Charging Cable,1,14.95,11/22/19 12:28,"578 5th St, Los Angeles, CA 90001"
281389,Lightning Charging Cable,1,14.95,11/22/19 12:28,"578 5th St, Los Angeles, CA 90001"
281581,Wired Headphones,1,11.99,11/04/19 20:11,"819 5th St, New York City, NY 10001"
281581,Wired Headphones,1,11.99,11/04/19 20:11,"819 5th St, New York City, NY 10001"
Order ID,Product,Quantity Ordered,Price Each,Order Date,Purchase Address
281850,27in FHD Monitor,1,149.99,11/05/19 06:42,"423 Highland St, Atlanta, GA 30301"
281850,27in FHD Monitor,1,149.99,11/05/19 06:42,"423 Highland St, Atlanta, GA 30301"
281886,USB-C Charging Cable,1,11.95,11/16/19 16:19,"791 Meadow St, Boston, MA 02215"
281886,USB-C Charging Cable,1,11.95,11/16/19 16:19,"791 Meadow St, Boston, MA 02215"
,,,,,
Order ID,Product,Quantity Ordered,Price Each,Order Date,Purchase Address
282089,AAA Batteries (4-pack),1,2.99,11/08/19 16:41,"488 12th St, Portland, OR 97035"
282089,AAA Batteries (4-pack),1,2.99,11/08/19 16:41,"488 12th St, Portland, OR 97035"
Order ID,Product,Quantity Ordered,Price Each,Order Date,Purchase Address
282137,Lightning Charging Cable,1,14.95,11/13/19 14:40,"197 13th St, Los Angeles, CA 90001"
282137,Lightning Charging Cable,1,14.95,11/13/19 14:40,"197 13th St, Los Angeles, CA 90001"
,,,,,
Order ID,Product,Quantity Ordered,Price Each,Order Date,Purchase Address
,,,,,
Order ID,Product,Quantity Ordered,Price Each,Order Date,Purchase Address
Order ID,Product,Quantity Ordered,Price Each,Order Date,Purchase Address
283528,Wired Headphones,1,11.99,11/13/19 10:05,"486 Johnson St, Los Angeles, CA 90001"
283528,Wired Headphones,1,11.99,11/13/19 10:05,"486 Johnson St, Los Angeles, CA 90001"
Order ID,Product,Quantity Ordered,Price Each,Order Date,Purchase Address
Order ID,Product,Quantity Ordered,Price Each,Order Date,Purchase Address
283843,Wired Headphones,1,11.99,11/19/19 23:13,"850 Elm St, New York City, NY 10001"
283843,Wired Headphones,1,11.99,11/19/19 23:13,"850 Elm St, New York City, NY 10001"
284179,AAA Batteries (4-pack),1,2.99,11/20/19 20:48,"614 Hill St, Dallas, TX 75001"
284179,AAA Batteries (4-pack),1,2.99,11/20/19 20:48,"614 Hill St, Dallas, TX 75001"
284428,USB-C Charging Cable,1,11.95,11/04/19 21:47,"285 Church St, Los Angeles, CA 90001"
284428,USB-C Charging Cable,1,11.95,11/04/19 21:47,"285 Church St, Los Angeles, CA 90001"
,,,,,
284525,USB-C Charging Cable,1,11.95,11/05/19 13:29,"114 Ridge St, Seattle, WA 98101"
284525,USB-C Charging Cable,1,11.95,11/05/19 13:29,"114 Ridge St, Seattle, WA 98101"
,,,,,
Order ID,Product,Quantity Ordered,Price Each,Order Date,Purchase Address
Order ID,Product,Quantity Ordered,Price Each,Order Date,Purchase Address
,,,,,
,,,,,
Order ID,Product,Quantity Ordered,Price Each,Order Date,Purchase Address
285875,USB-C Charging Cable,1,11.95,11/26/19 22:10,"893 Center St, Atlanta, GA 30301"
285875,USB-C Charging Cable,1,11.95,11/26/19 22:10,"893 Center St, Atlanta, GA 30301"
285927,Wired Headphones,1,11.99,11/28/19 15:31,"279 10th St, Austin, TX 73301"
285927,Wired Headphones,1,11.99,11/28/19 15:31,"279 10th St, Austin, TX 73301"
Order ID,Product,Quantity Ordered,Price Each,Order Date,Purchase Address
,,,,,
,,,,,
,,,,,
286383,Wired Headphones,1,11.99,11/27/19 10:08,"541 Washington St, Dallas, TX 75001"
286383,Wired Headphones,1,11.99,11/27/19 10:08,"541 Washington St, Dallas, TX 75001"
,,,,,
,,,,,
Order ID,Product,Quantity Ordered,Price Each,Order Date,Purchase Address
Order ID,Product,Quantity Ordered,Price Each,Order Date,Purchase Address
288125,Bose SoundSport Headphones,1,99.99,11/17/19 14:34,"385 Lake St, Boston, MA 02215"
288125,Bose SoundSport Headphones,1,99.99,11/17/19 14:34,"385 Lake St, Boston, MA 02215"
Order ID,Product,Quantity Ordered,Price Each,Order Date,Purchase Address
Order ID,Product,Quantity Ordered,Price Each,Order Date,Purchase Address
288620,USB-C Charging Cable,1,11.95,11/29/19 12:54,"637 Willow St, San Francisco, CA 94016"
288620,USB-C Charging Cable,1,11.95,11/29/19 12:54,"637 Willow St, San Francisco, CA 94016"
288995,Wired Headphones,1,11.99,11/04/19 23:58,"552 Lincoln St, Portland, OR 97035"
288995,Wired Headphones,1,11.99,11/04/19 23:58,"552 Lincoln St, Portland, OR 97035"
,,,,,
,,,,,
Order ID,Product,Quantity Ordered,Price Each,Order Date,Purchase Address
,,,,,
289860,AAA Batteries (4-pack),1,2.99,11/21/19 13:52,"676 Dogwood St, Los Angeles, CA 90001"
289860,AAA Batteries (4-pack),1,2.99,11/21/19 13:52,"676 Dogwood St, Los Angeles, CA 90001"
,,,,,
,,,,,
,,,,,
Order ID,Product,Quantity Ordered,Price Each,Order Date,Purchase Address
,,,,,
Order ID,Product,Quantity Ordered,Price Each,Order Date,Purchase Address
,,,,,
Order ID,Product,Quantity Ordered,Price Each,Order Date,Purchase Address
,,,,,
,,,,,
,,,,,
Order ID,Product,Quantity Ordered,Price Each,Order Date,Purchase Address
,,,,,
291932,Flatscreen TV,1,300,11/11/19 17:16,"340 Center St, San Francisco, CA 94016"
291932,Flatscreen TV,1,300,11/11/19 17:16,"340 Center St, San Francisco, CA 94016"
291949,Lightning Charging Cable,1,14.95,11/30/19 23:22,"114 Elm St, Atlanta, GA 30301"
291949,Lightning Charging Cable,1,14.95,11/30/19 23:22,"114 Elm St, Atlanta, GA 30301"
,,,,,
292335,AA Batteries (4-pack),1,3.84,11/09/19 11:23,"834 5th St, Dallas, TX 75001"
292335,AA Batteries (4-pack),1,3.84,11/09/19 11:23,"834 5th St, Dallas, TX 75001"
293114,USB-C Charging Cable,1,11.95,11/29/19 14:35,"145 8th St, Austin, TX 73301"
293114,USB-C Charging Cable,1,11.95,11/29/19 14:35,"145 8th St, Austin, TX 73301"
Order ID,Product,Quantity Ordered,Price Each,Order Date,Purchase Address
293254,Apple Airpods Headphones,1,150,11/01/19 12:07,"762 12th St, San Francisco, CA 94016"
293254,Apple Airpods Headphones,1,150,11/01/19 12:07,"762 12th St, San Francisco, CA 94016"
293356,USB-C Charging Cable,1,11.95,11/13/19 00:59,"394 Dogwood St, Dallas, TX 75001"
293356,USB-C Charging Cable,1,11.95,11/13/19 00:59,"394 Dogwood St, Dallas, TX 75001"
,,,,,
Order ID,Product,Quantity Ordered,Price Each,Order Date,Purchase Address
,,,,,
Order ID,Product,Quantity Ordered,Price Each,Order Date,Purchase Address
,,,,,
Order ID,Product,Quantity Ordered,Price Each,Order Date,Purchase Address
,,,,,
,,,,,
,,,,,
,,,,,
Order ID,Product,Quantity Ordered,Price Each,Order Date,Purchase Address
Order ID,Product,Quantity Ordered,Price Each,Order Date,Purchase Address
,,,,,
Order ID,Product,Quantity Ordered,Price Each,Order Date,Purchase Address
,,,,,
,,,,,
,,,,,
,,,,,
Order ID,Product,Quantity Ordered,Price Each,Order Date,Purchase Address
Order ID,Product,Quantity Ordered,Price Each,Order Date,Purchase Address
,,,,,
,,,,,
260286,AA Batteries (4-pack),1,3.84,10/25/19 18:18,"529 River St, New York City, NY 10001"
260286,AA Batteries (4-pack),1,3.84,10/25/19 18:18,"529 River St, New York City, NY 10001"
,,,,,
,,,,,
260739,AAA Batteries (4-pack),1,2.99,10/09/19 23:06,"372 9th St, Seattle, WA 98101"
260739,AAA Batteries (4-pack),1,2.99,10/09/19 23:06,"372 9th St, Seattle, WA 98101"
,,,,,
,,,,,
,,,,,
Order ID,Product,Quantity Ordered,Price Each,Order Date,Purchase Address
261586,AAA Batteries (4-pack),1,2.99,10/11/19 20:03,"703 Main St, Los Angeles, CA 90001"
261586,AAA Batteries (4-pack),1,2.99,10/11/19 20:03,"703 Main St, Los Angeles, CA 90001"
Order ID,Product,Quantity Ordered,Price Each,Order Date,Purchase Address
,,,,,
262078,Bose SoundSport Headphones,1,99.99,10/01/19 15:22,"158 Cherry St, San Francisco, CA 94016"
262078,Bose SoundSport Headphones,1,99.99,10/01/19 15:22,"158 Cherry St, San Francisco, CA 94016"
,,,,,
,,,,,
262792,27in 4K Gaming Monitor,1,389.99,10/29/19 12:55,"536 Lakeview St, San Francisco, CA 94016"
262792,27in 4K Gaming Monitor,1,389.99,10/29/19 12:55,"536 Lakeview St, San Francisco, CA 94016"
,,,,,
Order ID,Product,Quantity Ordered,Price Each,Order Date,Purchase Address
,,,,,
Order ID,Product,Quantity Ordered,Price Each,Order Date,Purchase Address
,,,,,
,,,,,
,,,,,
264351,27in FHD Monitor,1,149.99,10/31/19 22:08,"689 6th St, Austin, TX 73301"
264351,27in FHD Monitor,1,149.99,10/31/19 22:08,"689 6th St, Austin, TX 73301"
,,,,,
,,,,,
264534,AAA Batteries (4-pack),2,2.99,10/24/19 10:43,"381 12th St, Boston, MA 02215"
264534,AAA Batteries (4-pack),2,2.99,10/24/19 10:43,"381 12th St, Boston, MA 02215"
Order ID,Product,Quantity Ordered,Price Each,Order Date,Purchase Address
Order ID,Product,Quantity Ordered,Price Each,Order Date,Purchase Address
,,,,,
265224,Lightning Charging Cable,1,14.95,10/01/19 10:34,"304 Highland St, Los Angeles, CA 90001"
265224,Lightning Charging Cable,1,14.95,10/01/19 10:34,"304 Highland St, Los Angeles, CA 90001"
Order ID,Product,Quantity Ordered,Price Each,Order Date,Purchase Address
265480,Lightning Charging Cable,1,14.95,10/23/19 15:41,"341 Lakeview St, San Francisco, CA 94016"
265480,Lightning Charging Cable,1,14.95,10/23/19 15:41,"341 Lakeview St, San Francisco, CA 94016"
Order ID,Product,Quantity Ordered,Price Each,Order Date,Purchase Address
265765,USB-C Charging Cable,1,11.95,10/24/19 15:32,"660 Center St, Boston, MA 02215"
265765,USB-C Charging Cable,1,11.95,10/24/19 15:32,"660 Center St, Boston, MA 02215"
265772,AAA Batteries (4-pack),1,2.99,10/18/19 11:17,"518 1st St, Los Angeles, CA 90001"
265772,AAA Batteries (4-pack),1,2.99,10/18/19 11:17,"518 1st St, Los Angeles, CA 90001"
,,,,,
,,,,,
,,,,,
,,,,,
Order ID,Product,Quantity Ordered,Price Each,Order Date,Purchase Address
266280,USB-C Charging Cable,1,11.95,10/02/19 11:11,"53 Dogwood St, Portland, OR 97035"
266280,USB-C Charging Cable,1,11.95,10/02/19 11:11,"53 Dogwood St, Portland, OR 97035"
,,,,,
Order ID,Product,Quantity Ordered,Price Each,Order Date,Purchase Address
266648,Wired Headphones,1,11.99,10/31/19 12:39,"198 West St, Atlanta, GA 30301"
266648,Wired Headphones,1,11.99,10/31/19 12:39,"198 West St, Atlanta, GA 30301"
,,,,,
,,,,,
267322,Bose SoundSport Headphones,1,99.99,10/30/19 00:24,"17 Park St, Dallas, TX 75001"
267322,Bose SoundSport Headphones,1,99.99,10/30/19 00:24,"17 Park St, Dallas, TX 75001"
267378,Lightning Charging Cable,1,14.95,10/12/19 15:16,"374 14th St, San Francisco, CA 94016"
267378,Lightning Charging Cable,1,14.95,10/12/19 15:16,"374 14th St, San Francisco, CA 94016"
,,,,,
Order ID,Product,Quantity Ordered,Price Each,Order Date,Purchase Address
Order ID,Product,Quantity Ordered,Price Each,Order Date,Purchase Address
267999,Bose SoundSport Headphones,1,99.99,10/09/19 11:42,"886 Lincoln St, Dallas, TX 75001"
267999,Bose SoundSport Headphones,1,99.99,10/09/19 11:42,"886 Lincoln St, Dallas, TX 75001"
,,,,,
,,,,,
Order ID,Product,Quantity Ordered,Price Each,Order Date,Purchase Address
,,,,,
268551,Lightning Charging Cable,1,14.95,10/02/19 15:20,"515 Pine St, San Francisco, CA 94016"
268551,Lightning Charging Cable,1,14.95,10/02/19 15:20,"515 Pine St, San Francisco, CA 94016"
,,,,,
,,,,,
,,,,,
,,,,,
,,,,,
,,,,,
,,,,,
270283,Wired Headphones,1,11.99,10/02/19 14:51,"327 Meadow St, San Francisco, CA 94016"
270283,Wired Headphones,1,11.99,10/02/19 14:51,"327 Meadow St, San Francisco, CA 94016"
,,,,,
270624,USB-C Charging Cable,1,11.95,10/19/19 10:41,"998 Forest St, Atlanta, GA 30301"
270624,USB-C Charging Cable,1,11.95,10/19/19 10:41,"998 Forest St, Atlanta, GA 30301"
,,,,,
Order ID,Product,Quantity Ordered,Price Each,Order Date,Purchase Address
Order ID,Product,Quantity Ordered,Price Each,Order Date,Purchase Address
Order ID,Product,Quantity Ordered,Price Each,Order Date,Purchase Address
,,,,,
,,,,,
,,,,,
,,,,,
,,,,,
272288,27in FHD Monitor,1,149.99,10/17/19 19:54,"456 4th St, San Francisco, CA 94016"
272288,27in FHD Monitor,1,149.99,10/17/19 19:54,"456 4th St, San Francisco, CA 94016"
Order ID,Product,Quantity Ordered,Price Each,Order Date,Purchase Address
272665,Wired Headphones,1,11.99,10/29/19 19:52,"138 Madison St, Dallas, TX 75001"
272665,Wired Headphones,1,11.99,10/29/19 19:52,"138 Madison St, Dallas, TX 75001"
272790,USB-C Charging Cable,1,11.95,10/25/19 11:35,"424 Ridge St, San Francisco, CA 94016"
272790,USB-C Charging Cable,1,11.95,10/25/19 11:35,"424 Ridge St, San Francisco, CA 94016"
,,,,,
,,,,,
,,,,,
273956,AAA Batteries (4-pack),1,2.99,10/25/19 21:46,"835 Elm St, Dallas, TX 75001"
273956,AAA Batteries (4-pack),1,2.99,10/25/19 21:46,"835 Elm St, Dallas, TX 75001"
274101,Lightning Charging Cable,1,14.95,10/19/19 14:34,"227 Hickory St, San Francisco, CA 94016"
274101,Lightning Charging Cable,1,14.95,10/19/19 14:34,"227 Hickory St, San Francisco, CA 94016"
274175,Lightning Charging Cable,1,14.95,10/28/19 07:26,"32 River St, Boston, MA 02215"
274175,Lightning Charging Cable,1,14.95,10/28/19 07:26,"32 River St, Boston, MA 02215"
Order ID,Product,Quantity Ordered,Price Each,Order Date,Purchase Address
274207,Apple Airpods Headphones,1,150,10/18/19 14:26,"21 4th St, Los Angeles, CA 90001"
274207,Apple Airpods Headphones,1,150,10/18/19 14:26,"21 4th St, Los Angeles, CA 90001"
Order ID,Product,Quantity Ordered,Price Each,Order Date,Purchase Address
Order ID,Product,Quantity Ordered,Price Each,Order Date,Purchase Address
,,,,,
Order ID,Product,Quantity Ordered,Price Each,Order Date,Purchase Address
,,,,,
Order ID,Product,Quantity Ordered,Price Each,Order Date,Purchase Address
,,,,,
,,,,,
,,,,,
,,,,,
275028,Lightning Charging Cable,1,14.95,10/25/19 19:49,"72 8th St, Austin, TX 73301"
275028,Lightning Charging Cable,1,14.95,10/25/19 19:49,"72 8th St, Austin, TX 73301"
Order ID,Product,Quantity Ordered,Price Each,Order Date,Purchase Address
Order ID,Product,Quantity Ordered,Price Each,Order Date,Purchase Address
Order ID,Product,Quantity Ordered,Price Each,Order Date,Purchase Address
,,,,,
Order ID,Product,Quantity Ordered,Price Each,Order Date,Purchase Address
,,,,,
,,,,,
,,,,,
Order ID,Product,Quantity Ordered,Price Each,Order Date,Purchase Address
Order ID,Product,Quantity Ordered,Price Each,Order Date,Purchase Address
276692,20in Monitor,1,109.99,10/23/19 10:52,"939 River St, Atlanta, GA 30301"
276692,20in Monitor,1,109.99,10/23/19 10:52,"939 River St, Atlanta, GA 30301"
276810,USB-C Charging Cable,1,11.95,10/30/19 16:15,"432 Walnut St, Seattle, WA 98101"
276810,USB-C Charging Cable,1,11.95,10/30/19 16:15,"432 Walnut St, Seattle, WA 98101"
,,,,,
277044,Apple Airpods Headphones,1,150,10/16/19 11:05,"204 Jefferson St, San Francisco, CA 94016"
277044,Apple Airpods Headphones,1,150,10/16/19 11:05,"204 Jefferson St, San Francisco, CA 94016"
277081,Flatscreen TV,1,300,10/27/19 10:33,"301 12th St, Portland, ME 04101"
277081,Flatscreen TV,1,300,10/27/19 10:33,"301 12th St, Portland, ME 04101"
Order ID,Product,Quantity Ordered,Price Each,Order Date,Purchase Address
,,,,,
Order ID,Product,Quantity Ordered,Price Each,Order Date,Purchase Address
,,,,,
277701,Lightning Charging Cable,1,14.95,10/29/19 16:21,"386 10th St, San Francisco, CA 94016"
277701,Lightning Charging Cable,1,14.95,10/29/19 16:21,"386 10th St, San Francisco, CA 94016"
,,,,,
278062,Wired Headphones,1,11.99,10/02/19 21:39,"769 Walnut St, San Francisco, CA 94016"
278062,Wired Headphones,1,11.99,10/02/19 21:39,"769 Walnut St, San Francisco, CA 94016"
Order ID,Product,Quantity Ordered,Price Each,Order Date,Purchase Address
248171,USB-C Charging Cable,1,11.95,09/05/19 15:06,"705 Hill St, New York City, NY 10001"
248171,USB-C Charging Cable,1,11.95,09/05/19 15:06,"705 Hill St, New York City, NY 10001"
,,,,,
,,,,,
248787,AA Batteries (4-pack),1,3.84,09/09/19 12:30,"705 Adams St, San Francisco, CA 94016"
248787,AA Batteries (4-pack),1,3.84,09/09/19 12:30,"705 Adams St, San Francisco, CA 94016"
,,,,,
,,,,,
,,,,,
,,,,,
Order ID,Product,Quantity Ordered,Price Each,Order Date,Purchase Address
,,,,,
249895,34in Ultrawide Monitor,1,379.99,09/19/19 22:14,"901 South St, San Francisco, CA 94016"
249895,34in Ultrawide Monitor,1,379.99,09/19/19 22:14,"901 South St, San Francisco, CA 94016"
249910,AAA Batteries (4-pack),1,2.99,09/09/19 18:34,"295 Meadow St, San Francisco, CA 94016"
249910,AAA Batteries (4-pack),1,2.99,09/09/19 18:34,"295 Meadow St, San Francisco, CA 94016"
250174,Apple Airpods Headphones,1,150,09/30/19 19:32,"490 6th St, New York City, NY 10001"
250174,Apple Airpods Headphones,1,150,09/30/19 19:32,"490 6th St, New York City, NY 10001"
,,,,,
,,,,,
,,,,,
Order ID,Product,Quantity Ordered,Price Each,Order Date,Purchase Address
Order ID,Product,Quantity Ordered,Price Each,Order Date,Purchase Address
,,,,,
,,,,,
,,,,,
,,,,,
,,,,,
Order ID,Product,Quantity Ordered,Price Each,Order Date,Purchase Address
,,,,,
252537,Wired Headphones,1,11.99,09/18/19 21:37,"558 6th St, San Francisco, CA 94016"
252537,Wired Headphones,1,11.99,09/18/19 21:37,"558 6th St, San Francisco, CA 94016"
,,,,,
,,,,,
,,,,,
Order ID,Product,Quantity Ordered,Price Each,Order Date,Purchase Address
,,,,,
253981,Lightning Charging Cable,1,14.95,09/02/19 22:32,"811 Adams St, Atlanta, GA 30301"
253981,Lightning Charging Cable,1,14.95,09/02/19 22:32,"811 Adams St, Atlanta, GA 30301"
Order ID,Product,Quantity Ordered,Price Each,Order Date,Purchase Address
,,,,,
,,,,,
254945,Apple Airpods Headphones,1,150,09/23/19 18:09,"13 Hill St, Austin, TX 73301"
254945,Apple Airpods Headphones,1,150,09/23/19 18:09,"13 Hill St, Austin, TX 73301"
,,,,,
255318,Macbook Pro Laptop,1,1700,09/26/19 11:58,"548 Jackson St, Dallas, TX 75001"
255318,Macbook Pro Laptop,1,1700,09/26/19 11:58,"548 Jackson St, Dallas, TX 75001"
,,,,,
255390,Lightning Charging Cable,1,14.95,09/09/19 14:34,"505 Hill St, San Francisco, CA 94016"
255390,Lightning Charging Cable,1,14.95,09/09/19 14:34,"505 Hill St, San Francisco, CA 94016"
Order ID,Product,Quantity Ordered,Price Each,Order Date,Purchase Address
256196,USB-C Charging Cable,1,11.95,09/27/19 21:09,"253 6th St, Boston, MA 02215"
256196,USB-C Charging Cable,1,11.95,09/27/19 21:09,"253 6th St, Boston, MA 02215"
,,,,,
,,,,,
Order ID,Product,Quantity Ordered,Price Each,Order Date,Purchase Address
256588,Apple Airpods Headphones,1,150,09/08/19 18:07,"3 Dogwood St, Boston, MA 02215"
256588,Apple Airpods Headphones,1,150,09/08/19 18:07,"3 Dogwood St, Boston, MA 02215"
256763,27in FHD Monitor,1,149.99,09/15/19 22:28,"23 11th St, San Francisco, CA 94016"
256763,27in FHD Monitor,1,149.99,09/15/19 22:28,"23 11th St, San Francisco, CA 94016"
,,,,,
,,,,,
,,,,,
,,,,,
,,,,,
Order ID,Product,Quantity Ordered,Price Each,Order Date,Purchase Address
,,,,,
Order ID,Product,Quantity Ordered,Price Each,Order Date,Purchase Address
Order ID,Product,Quantity Ordered,Price Each,Order Date,Purchase Address
,,,,,
257530,USB-C Charging Cable,1,11.95,09/03/19 11:13,"192 Johnson St, San Francisco, CA 94016"
257530,USB-C Charging Cable,1,11.95,09/03/19 11:13,"192 Johnson St, San Francisco, CA 94016"
,,,,,
,,,,,
Order ID,Product,Quantity Ordered,Price Each,Order Date,Purchase Address
Order ID,Product,Quantity Ordered,Price Each,Order Date,Purchase Address
,,,,,
,,,,,
Order ID,Product,Quantity Ordered,Price Each,Order Date,Purchase Address
,,,,,
258715,Lightning Charging Cable,1,14.95,09/15/19 16:50,"550 10th St, Portland, OR 97035"
258715,Lightning Charging Cable,1,14.95,09/15/19 16:50,"550 10th St, Portland, OR 97035"
259035,27in FHD Monitor,1,149.99,09/29/19 13:52,"327 Lake St, San Francisco, CA 94016"
259035,27in FHD Monitor,1,149.99,09/29/19 13:52,"327 Lake St, San Francisco, CA 94016"
,,,,,
Order ID,Product,Quantity Ordered,Price Each,Order Date,Purchase Address
Order ID,Product,Quantity Ordered,Price Each,Order Date,Purchase Address
Order ID,Product,Quantity Ordered,Price Each,Order Date,Purchase Address
259296,Apple Airpods Headphones,1,150,09/28/19 16:48,"894 6th St, Dallas, TX 75001"
259296,Apple Airpods Headphones,1,150,09/28/19 16:48,"894 6th St, Dallas, TX 75001"
259297,Lightning Charging Cable,1,14.95,09/15/19 18:54,"138 Main St, Boston, MA 02215"
259297,Lightning Charging Cable,1,14.95,09/15/19 18:54,"138 Main St, Boston, MA 02215"
,,,,,
